open,high,low,volume
"118275.56000000","118325.25000000","118230.43000000","20.23111000"
